,naive,bsr,coo,csc,csr,dia,dok,lil,proposal,proposal2,proposal3
10000,,,61.950655998915146,,,,,,,194.2579229937097,165.74776685045526
